kanji,strokes_new,strokes_old,element,readings,notes
一,,1,,,
丁,,2,,,
七,,2,,,
万,,3,,,
丈,,3,,,
三,,3,,,
上,,3,,,
下,,3,,,
不,,4,,,
与,,3,,,
且,,5,,,
世,,5,,,
丘,,5,,,
丙,,5,,,
両,,6,,,
並,,8,,,
中,,4,,,
串,,7,,,
丸,,3,,,
丹,,4,,,
主,,5,,,
丼,,5,,,
久,,3,,,
乏,,4,,,
乗,,9,,,
乙,,1,,,
九,,2,,,
乞,,3,,,
乱,,7,,,
乳,,8,,,
乾,,11,,,
亀,,11,,,
了,,2,,,
予,,4,,,
争,,6,,,
事,,8,,,
二,,2,,,
互,,4,,,
五,,4,,,
井,,4,,,
亜,,7,,,
亡,,3,,,
交,,6,,,
享,,8,,,
京,,8,,,
亭,,9,,,
人,,2,,,
仁,,4,,,
今,,4,,,
介,,4,,,
仏,,4,,,
仕,,5,,,
他,,5,,,
付,,5,,,
仙,,5,,,
代,,5,,,
令,,5,,,
以,,5,,,
仮,,6,,,
仰,,6,,,
仲,,6,,,
件,,6,,,
任,,6,,,
企,,6,,,
伎,,6,,,
伏,,6,,,
伐,,6,,,
休,,6,,,
会,,6,,,
伝,,6,,,
伯,,7,,,
伴,,7,,,
伸,,7,,,
伺,,7,,,
似,,7,,,
但,,7,,,
位,,7,,,
低,,7,,,
住,,7,,,
佐,,7,,,
体,,7,,,
何,,7,,,
余,,7,,,
作,,7,,,
佳,,8,,,
併,,8,,,
使,,8,,,
例,,8,,,
侍,,8,,,
供,,8,,,
依,,8,,,
価,,8,,,
侮,,8,,,
侯,,9,,,
侵,,9,,,
侶,,9,,,
便,,9,,,
係,,9,,,
促,,9,,,
俊,,9,,,
俗,,9,,,
保,,9,,,
信,,9,,,
修,,10,,,
俳,,10,,,
俵,,10,,,
俸,,10,,,
俺,,10,,,
倉,,10,,,
個,,10,,,
倍,,10,,,
倒,,10,,,
候,,10,,,
借,,10,,,
倣,,10,,,
値,,10,,,
倫,,10,,,
倹,,10,,,
偉,,12,,,
偏,,11,,,
停,,11,,,
健,,11,,,
側,,11,,,
偵,,11,,,
偶,,11,,,
偽,,11,,,
傍,,12,,,
傑,,13,,,
傘,,12,,,
備,,12,,,
催,,13,,,
傲,,13,,,
債,,13,,,
傷,,13,,,
傾,,13,,,
僅,,12,,,
働,,13,,,
像,,14,,,
僕,,14,,,
僚,,14,,,
僧,,13,,,
儀,,15,,,
億,,15,,,
儒,,16,,,
償,,17,,,
優,,17,,,
元,,4,,,
兄,,5,,,
充,,6,,,
兆,,6,,,
先,,6,,,
光,,6,,,
克,,7,,,
免,,8,,,
児,,7,,,
党,,10,,,
入,,2,,,
全,,6,,,
八,,2,,,
公,,4,,,
六,,4,,,
共,,6,,,
兵,,7,,,
具,,8,,,
典,,8,,,
兼,,10,,,
内,,4,,,
円,,4,,,
冊,,5,,,
再,,6,,,
冒,,9,,,
冗,,4,,,
写,,5,,,
冠,,9,,,
冥,,10,,,
冬,,5,,,
冶,,7,,,
冷,,7,,,
凄,,10,,,
准,,10,,,
凍,,10,,,
凝,,16,,,
凡,,3,,,
処,,5,,,
凶,,4,,,
凸,,5,,,
凹,,5,,,
出,,5,,,
刀,,2,,,
刃,,3,,,
分,,4,,,
切,,4,,,
刈,,4,,,
刊,,5,,,
刑,,6,,,
列,,6,,,
初,,7,,,
判,,7,,,
別,,7,,,
利,,7,,,
到,,8,,,
制,,8,,,
刷,,8,,,
券,,8,,,
刹,,8,,,
刺,,8,,,
刻,,8,,,
則,,9,,,
削,,9,,,
前,,9,,,
剖,,10,,,
剛,,10,,,
剝,,10,,,
剣,,10,,,
剤,,10,,,
剥,,10,,,
副,,11,,,
剰,,11,,,
割,,12,,,
創,,12,,,
劇,,15,,,
力,,2,,,
功,,5,,,
加,,5,,,
劣,,6,,,
助,,7,,,
努,,7,,,
励,,7,,,
労,,7,,,
効,,8,,,
劾,,8,,,
勃,,9,,,
勅,,9,,,
勇,,9,,,
勉,,10,,,
動,,11,,,
勘,,11,,,
務,,11,,,
勝,,12,,,
募,,12,,,
勢,,13,,,
勤,,12,,,
勧,,13,,,
勲,,15,,,
勾,,4,,,
匂,,4,,,
包,,5,,,
化,,4,,,
北,,5,,,
匠,,6,,,
匹,,4,,,
区,,4,,,
医,,7,,,
匿,,10,,,
十,,2,,,
千,,3,,,
升,,4,,,
午,,4,,,
半,,5,,,
卑,,9,,,
卒,,8,,,
卓,,8,,,
協,,8,,,
南,,9,,,
単,,9,,,
博,,12,,,
占,,5,,,
印,,6,,,
危,,6,,,
即,,7,,,
却,,7,,,
卵,,7,,,
卸,,9,,,
厄,,4,,,
厘,,9,,,
厚,,9,,,
原,,10,,,
厳,,17,,,
去,,5,,,
参,,8,,,
又,,2,,,
及,,3,,,
友,,4,,,
双,,4,,,
反,,4,,,
収,,4,,,
叔,,8,,,
取,,8,,,
受,,8,,,
叙,,9,,,
口,,3,,,
古,,5,,,
句,,5,,,
叫,,6,,,
召,,5,,,
可,,5,,,
台,,5,,,
叱,,5,,,
史,,5,,,
右,,5,,,
号,,5,,,
司,,5,,,
各,,6,,,
合,,6,,,
吉,,6,,,
同,,6,,,
名,,6,,,
后,,6,,,
吏,,6,,,
吐,,6,,,
向,,6,,,
君,,7,,,
吟,,7,,,
否,,7,,,
含,,7,,,
吸,,6,,,
吹,,7,,,
呂,,7,,,
呈,,7,,,
呉,,7,,,
告,,7,,,
周,,8,,,
呪,,8,,,
味,,8,,,
呼,,8,,,
命,,8,,,
和,,8,,,
咲,,9,,,
咽,,9,,,
哀,,9,,,
品,,9,,,
員,,10,,,
哲,,10,,,
哺,,10,,,
唄,,10,,,
唆,,10,,,
唇,,10,,,
唐,,10,,,
唯,,11,,,
唱,,11,,,
唾,,11,,,
商,,11,,,
問,,11,,,
啓,,11,,,
善,,12,,,
喉,,12,,,
喚,,12,,,
喜,,12,,,
喝,,11,,,
喩,,12,,,
喪,,12,,,
喫,,12,,,
営,,12,,,
嗅,,13,,,
嗣,,13,,,
嘆,,13,,,
嘱,,15,,,
嘲,,15,,,
器,,15,,,
噴,,15,,,
嚇,,17,,,
囚,,5,,,
四,,5,,,
回,,6,,,
因,,6,,,
団,,6,,,
困,,7,,,
囲,,7,,,
図,,7,,,
固,,8,,,
国,,8,,,
圏,,12,,,
園,,13,,,
土,,3,,,
圧,,5,,,
在,,6,,,
地,,6,,,
坂,,7,,,
均,,7,,,
坊,,7,,,
坑,,7,,,
坪,,8,,,
垂,,8,,,
型,,9,,,
垣,,9,,,
埋,,10,,,
城,,9,,,
域,,11,,,
執,,11,,,
培,,11,,,
基,,11,,,
埼,,11,,,
堀,,11,,,
堂,,11,,,
堅,,12,,,
堆,,11,,,
堕,,12,,,
堤,,12,,,
堪,,12,,,
報,,12,,,
場,,12,,,
塀,,12,,,
塁,,12,,,
塊,,13,,,
塑,,13,,,
塔,,12,,,
塗,,13,,,
塚,,12,,,
塞,,13,,,
塡,,13,,,
塩,,13,,,
填,,13,,,
塾,,14,,,
境,,14,,,
墓,,13,,,
増,,14,,,
墜,,15,,,
墨,,14,,,
墳,,15,,,
墾,,16,,,
壁,,16,,,
壇,,16,,,
壊,,16,,,
壌,,16,,,
士,,3,,,
壮,,6,,,
声,,7,,,
壱,,7,,,
売,,7,,,
変,,9,,,
夏,,10,,,
夕,,3,,,
外,,5,,,
多,,6,,,
夜,,8,,,
夢,,13,,,
大,,3,,,
天,,4,,,
太,,4,,,
夫,,4,,,
央,,5,,,
失,,5,,,
奇,,8,,,
奈,,8,,,
奉,,8,,,
奏,,9,,,
契,,9,,,
奔,,8,,,
奥,,12,,,
奨,,13,,,
奪,,14,,,
奮,,16,,,
女,,3,,,
奴,,5,,,
好,,6,,,
如,,6,,,
妃,,6,,,
妄,,6,,,
妊,,7,,,
妖,,7,,,
妙,,7,,,
妥,,7,,,
妨,,7,,,
妬,,8,,,
妹,,8,,,
妻,,8,,,
姉,,8,,,
始,,8,,,
姓,,8,,,
委,,8,,,
姫,,10,,,
姻,,9,,,
姿,,9,,,
威,,9,,,
娘,,10,,,
娠,,10,,,
娯,,10,,,
婆,,11,,,
婚,,11,,,
婦,,11,,,
婿,,12,,,
媒,,12,,,
媛,,12,,,
嫁,,13,,,
嫉,,13,,,
嫌,,13,,,
嫡,,14,,,
嬢,,16,,,
子,,3,,,
孔,,4,,,
字,,6,,,
存,,6,,,
孝,,7,,,
季,,8,,,
孤,,9,,,
学,,8,,,
孫,,10,,,
宅,,6,,,
宇,,6,,,
守,,6,,,
安,,6,,,
完,,7,,,
宗,,8,,,
官,,8,,,
宙,,8,,,
定,,8,,,
宛,,8,,,
宜,,8,,,
宝,,8,,,
実,,8,,,
客,,9,,,
宣,,9,,,
室,,9,,,
宮,,10,,,
宰,,10,,,
害,,10,,,
宴,,10,,,
宵,,10,,,
家,,10,,,
容,,10,,,
宿,,11,,,
寂,,11,,,
寄,,11,,,
密,,11,,,
富,,12,,,
寒,,12,,,
寛,,13,,,
寝,,13,,,
察,,14,,,
寡,,14,,,
寧,,14,,,
審,,15,,,
寮,,15,,,
寸,,3,,,
寺,,6,,,
対,,7,,,
寿,,7,,,
封,,9,,,
専,,9,,,
射,,10,,,
将,,10,,,
尉,,11,,,
尊,,12,,,
尋,,12,,,
導,,15,,,
小,,3,,,
少,,4,,,
尚,,8,,,
就,,12,,,
尺,,4,,,
尻,,5,,,
尼,,5,,,
尽,,6,,,
尾,,7,,,
尿,,7,,,
局,,7,,,
居,,8,,,
屈,,8,,,
届,,8,,,
屋,,9,,,
展,,10,,,
属,,12,,,
層,,14,,,
履,,15,,,
屯,,4,,,
山,,3,,,
岐,,7,,,
岡,,8,,,
岩,,8,,,
岬,,8,,,
岳,,8,,,
岸,,8,,,
峠,,9,,,
峡,,9,,,
峰,,10,,,
島,,10,,,
崇,,11,,,
崎,,11,,,
崖,,11,,,
崩,,11,,,
嵐,,12,,,
川,,3,,,
州,,6,,,
巡,,6,,,
巣,,11,,,
工,,3,,,
左,,5,,,
巧,,5,,,
巨,,5,,,
差,,10,,,
己,,3,,,
巻,,9,,,
巾,,3,,,
市,,5,,,
布,,5,,,
帆,,6,,,
希,,7,,,
帝,,9,,,
帥,,9,,,
師,,10,,,
席,,10,,,
帯,,10,,,
帰,,10,,,
帳,,11,,,
常,,11,,,
帽,,12,,,
幅,,12,,,
幕,,13,,,
幣,,15,,,
干,,3,,,
平,,5,,,
年,,6,,,
幸,,8,,,
幹,,13,,,
幻,,4,,,
幼,,5,,,
幽,,9,,,
幾,,12,,,
庁,,5,,,
広,,5,,,
床,,7,,,
序,,7,,,
底,,8,,,
店,,8,,,
府,,8,,,
度,,9,,,
座,,10,,,
庫,,10,,,
庭,,10,,,
庶,,11,,,
康,,11,,,
庸,,11,,,
廃,,12,,,
廉,,13,,,
廊,,12,,,
延,,8,,,
廷,,7,,,
建,,9,,,
弁,,5,,,
弄,,7,,,
弊,,15,,,
式,,6,,,
弐,,6,,,
弓,,3,,,
弔,,4,,,
引,,4,,,
弟,,7,,,
弥,,8,,,
弦,,8,,,
弧,,9,,,
弱,,10,,,
張,,11,,,
強,,11,,,
弾,,12,,,
当,,6,,,
彙,,13,,,
形,,7,,,
彩,,11,,,
彫,,11,,,
彰,,14,,,
影,,15,,,
役,,7,,,
彼,,8,,,
往,,8,,,
征,,8,,,
径,,8,,,
待,,9,,,
律,,9,,,
後,,9,,,
徐,,10,,,
徒,,10,,,
従,,10,,,
得,,11,,,
御,,12,,,
復,,12,,,
循,,12,,,
微,,13,,,
徳,,14,,,
徴,,14,,,
徹,,15,,,
心,,4,,,
必,,5,,,
忌,,7,,,
忍,,7,,,
志,,7,,,
忘,,7,,,
忙,,6,,,
応,,7,,,
忠,,8,,,
快,,7,,,
念,,8,,,
怒,,9,,,
怖,,8,,,
思,,9,,,
怠,,9,,,
急,,9,,,
性,,8,,,
怨,,9,,,
怪,,8,,,
恋,,10,,,
恐,,10,,,
恒,,9,,,
恣,,10,,,
恥,,10,,,
恨,,9,,,
恩,,10,,,
恭,,10,,,
息,,10,,,
恵,,10,,,
悔,,9,,,
悟,,10,,,
悠,,11,,,
患,,11,,,
悦,,10,,,
悩,,10,,,
悪,,11,,,
悲,,12,,,
悼,,11,,,
情,,11,,,
惑,,12,,,
惜,,11,,,
惧,,11,,,
惨,,11,,,
惰,,12,,,
想,,13,,,
愁,,13,,,
愉,,12,,,
意,,13,,,
愚,,13,,,
愛,,13,,,
感,,13,,,
慄,,13,,,
慈,,13,,,
態,,14,,,
慌,,12,,,
慎,,13,,,
慕,,14,,,
慢,,14,,,
慣,,14,,,
慨,,13,,,
慮,,15,,,
慰,,15,,,
慶,,15,,,
憂,,15,,,
憎,,14,,,
憤,,15,,,
憧,,15,,,
憩,,16,,,
憬,,15,,,
憲,,16,,,
憶,,16,,,
憾,,16,,,
懇,,17,,,
懐,,16,,,
懲,,18,,,
懸,,20,,,
成,,6,,,
我,,7,,,
戒,,7,,,
戚,,11,,,
戦,,13,,,
戯,,15,,,
戴,,17,,,
戸,,4,,,
戻,,7,,,
房,,8,,,
所,,8,,,
扇,,10,,,
扉,,12,,,
手,,4,,,
才,,3,,,
打,,5,,,
払,,5,,,
扱,,6,,,
扶,,7,,,
批,,7,,,
承,,8,,,
技,,7,,,
抄,,7,,,
把,,7,,,
抑,,7,,,
投,,7,,,
抗,,7,,,
折,,7,,,
抜,,7,,,
択,,7,,,
披,,8,,,
抱,,8,,,
抵,,8,,,
抹,,8,,,
押,,8,,,
抽,,8,,,
担,,8,,,
拉,,8,,,
拍,,8,,,
拐,,8,,,
拒,,8,,,
拓,,8,,,
拘,,8,,,
拙,,8,,,
招,,8,,,
拝,,8,,,
拠,,8,,,
拡,,8,,,
括,,9,,,
拭,,9,,,
拳,,10,,,
拶,,9,,,
拷,,9,,,
拾,,9,,,
持,,9,,,
指,,9,,,
挑,,9,,,
挙,,10,,,
挟,,9,,,
挨,,10,,,
挫,,10,,,
振,,10,,,
挿,,10,,,
捉,,10,,,
捕,,10,,,
捗,,10,,,
捜,,10,,,
捨,,11,,,
据,,11,,,
捻,,11,,,
掃,,11,,,
授,,11,,,
掌,,12,,,
排,,11,,,
掘,,11,,,
掛,,11,,,
採,,11,,,
探,,11,,,
接,,11,,,
控,,11,,,
推,,11,,,
措,,11,,,
掲,,11,,,
描,,11,,,
提,,12,,,
揚,,12,,,
換,,12,,,
握,,12,,,
揮,,12,,,
援,,12,,,
揺,,12,,,
損,,13,,,
搬,,13,,,
搭,,12,,,
携,,13,,,
搾,,13,,,
摂,,13,,,
摘,,14,,,
摩,,15,,,
摯,,15,,,
撃,,15,,,
撤,,15,,,
撮,,15,,,
撲,,15,,,
擁,,16,,,
操,,16,,,
擦,,17,,,
擬,,17,,,
支,,4,,,
改,,7,,,
攻,,7,,,
放,,8,,,
政,,9,,,
故,,9,,,
敏,,10,,,
救,,11,,,
敗,,11,,,
教,,11,,,
敢,,12,,,
散,,12,,,
敬,,12,,,
数,,13,,,
整,,16,,,
敵,,15,,,
敷,,15,,,
文,,4,,,
斉,,8,,,
斎,,11,,,
斑,,12,,,
斗,,4,,,
料,,10,,,
斜,,11,,,
斤,,4,,,
斥,,5,,,
斬,,11,,,
断,,11,,,
新,,13,,,
方,,4,,,
施,,9,,,
旅,,10,,,
旋,,11,,,
族,,11,,,
旗,,14,,,
既,,10,,,
日,,4,,,
旦,,5,,,
旧,,5,,,
旨,,6,,,
早,,6,,,
旬,,6,,,
旺,,8,,,
昆,,8,,,
昇,,8,,,
明,,8,,,
易,,8,,,
昔,,8,,,
星,,9,,,
映,,9,,,
春,,9,,,
昧,,9,,,
昨,,9,,,
昭,,9,,,
是,,9,,,
昼,,9,,,
時,,10,,,
晩,,12,,,
普,,12,,,
景,,12,,,
晴,,12,,,
晶,,12,,,
暁,,12,,,
暇,,13,,,
暑,,12,,,
暖,,13,,,
暗,,13,,,
暦,,14,,,
暫,,15,,,
暮,,14,,,
暴,,15,,,
曇,,16,,,
曖,,17,,,
曜,,18,,,
曲,,6,,,
更,,7,,,
書,,10,,,
曹,,11,,,
曽,,11,,,
替,,12,,,
最,,12,,,
月,,4,,,
有,,6,,,
服,,8,,,
朕,,10,,,
朗,,10,,,
望,,11,,,
朝,,12,,,
期,,12,,,
木,,4,,,
未,,5,,,
末,,5,,,
本,,5,,,
札,,5,,,
朱,,6,,,
朴,,6,,,
机,,6,,,
朽,,6,,,
杉,,7,,,
材,,7,,,
村,,7,,,
束,,7,,,
条,,7,,,
来,,7,,,
杯,,8,,,
東,,8,,,
松,,8,,,
板,,8,,,
析,,8,,,
枕,,8,,,
林,,8,,,
枚,,8,,,
果,,8,,,
枝,,8,,,
枠,,8,,,
枢,,8,,,
枯,,9,,,
架,,9,,,
柄,,9,,,
某,,9,,,
染,,9,,,
柔,,9,,,
柱,,9,,,
柳,,9,,,
柵,,9,,,
査,,9,,,
柿,,9,,,
栃,,9,,,
栄,,9,,,
栓,,10,,,
校,,10,,,
株,,10,,,
核,,10,,,
根,,10,,,
格,,10,,,
栽,,10,,,
桁,,10,,,
桃,,10,,,
案,,10,,,
桑,,10,,,
桜,,10,,,
桟,,10,,,
梅,,10,,,
梗,,11,,,
梨,,11,,,
械,,11,,,
棄,,13,,,
棋,,12,,,
棒,,12,,,
棚,,12,,,
棟,,12,,,
森,,12,,,
棺,,12,,,
椅,,12,,,
植,,12,,,
椎,,12,,,
検,,12,,,
業,,13,,,
極,,12,,,
楷,,13,,,
楼,,13,,,
楽,,13,,,
概,,14,,,
構,,14,,,
様,,14,,,
槽,,15,,,
標,,15,,,
模,,14,,,
権,,15,,,
横,,15,,,
樹,,16,,,
橋,,16,,,
機,,16,,,
欄,,20,,,
欠,,4,,,
次,,6,,,
欧,,8,,,
欲,,11,,,
欺,,12,,,
款,,12,,,
歌,,14,,,
歓,,15,,,
止,,4,,,
正,,5,,,
武,,8,,,
歩,,8,,,
歯,,12,,,
歳,,13,,,
歴,,14,,,
死,,6,,,
殉,,10,,,
殊,,10,,,
残,,10,,,
殖,,12,,,
殴,,8,,,
段,,9,,,
殺,,10,,,
殻,,11,,,
殿,,13,,,
毀,,13,,,
母,,5,,,
毎,,6,,,
毒,,8,,,
比,,4,,,
毛,,4,,,
氏,,4,,,
民,,5,,,
気,,6,,,
水,,4,,,
氷,,5,,,
永,,5,,,
氾,,5,,,
汁,,5,,,
求,,7,,,
汎,,6,,,
汗,,6,,,
汚,,6,,,
江,,6,,,
池,,6,,,
汰,,7,,,
決,,7,,,
汽,,7,,,
沃,,7,,,
沈,,7,,,
沖,,7,,,
沙,,7,,,
没,,7,,,
沢,,7,,,
河,,8,,,
沸,,8,,,
油,,8,,,
治,,8,,,
沼,,8,,,
沿,,8,,,
況,,8,,,
泉,,9,,,
泊,,8,,,
泌,,8,,,
法,,8,,,
泡,,8,,,
波,,8,,,
泣,,8,,,
泥,,8,,,
注,,8,,,
泰,,10,,,
泳,,8,,,
洋,,9,,,
洗,,9,,,
洞,,9,,,
津,,9,,,
洪,,9,,,
活,,9,,,
派,,9,,,
流,,10,,,
浄,,9,,,
浅,,9,,,
浜,,10,,,
浦,,10,,,
浪,,10,,,
浮,,10,,,
浴,,10,,,
海,,9,,,
浸,,10,,,
消,,10,,,
涙,,10,,,
涯,,11,,,
液,,11,,,
涼,,11,,,
淑,,11,,,
淡,,11,,,
淫,,11,,,
深,,11,,,
混,,11,,,
添,,11,,,
清,,11,,,
渇,,11,,,
済,,11,,,
渉,,11,,,
渋,,11,,,
渓,,11,,,
減,,12,,,
渡,,12,,,
渦,,12,,,
温,,12,,,
測,,12,,,
港,,12,,,
湖,,12,,,
湧,,12,,,
湯,,12,,,
湾,,12,,,
湿,,12,,,
満,,12,,,
源,,13,,,
準,,13,,,
溝,,13,,,
溶,,13,,,
溺,,13,,,
滅,,13,,,
滋,,12,,,
滑,,13,,,
滝,,13,,,
滞,,13,,,
滴,,14,,,
漁,,14,,,
漂,,14,,,
漆,,14,,,
漏,,14,,,
演,,14,,,
漠,,13,,,
漢,,13,,,
漫,,14,,,
漬,,14,,,
漸,,14,,,
潔,,15,,,
潜,,15,,,
潟,,15,,,
潤,,15,,,
潮,,15,,,
潰,,15,,,
澄,,15,,,
激,,16,,,
濁,,16,,,
濃,,16,,,
濫,,18,,,
濯,,17,,,
瀬,,19,,,
火,,4,,,
灯,,6,,,
灰,,6,,,
災,,7,,,
炉,,8,,,
炊,,8,,,
炎,,8,,,
炭,,9,,,
点,,9,,,
為,,9,,,
烈,,10,,,
無,,12,,,
焦,,12,,,
然,,12,,,
焼,,12,,,
煎,,13,,,
煙,,13,,,
照,,13,,,
煩,,13,,,
煮,,12,,,
熊,,14,,,
熟,,15,,,
熱,,15,,,
燃,,16,,,
燥,,17,,,
爆,,19,,,
爪,,4,,,
爵,,17,,,
父,,4,,,
爽,,11,,,
片,,4,,,
版,,8,,,
牙,,5,,,
牛,,4,,,
牧,,8,,,
物,,8,,,
牲,,9,,,
特,,10,,,
犠,,17,,,
犬,,4,,,
犯,,5,,,
状,,7,,,
狂,,7,,,
狙,,8,,,
狩,,9,,,
独,,9,,,
狭,,9,,,
猛,,11,,,
猟,,11,,,
猫,,11,,,
献,,13,,,
猶,,12,,,
猿,,13,,,
獄,,14,,,
獣,,16,,,
獲,,16,,,
玄,,5,,,
率,,11,,,
玉,,5,,,
王,,4,,,
玩,,8,,,
珍,,9,,,
珠,,10,,,
班,,10,,,
現,,11,,,
球,,11,,,
理,,11,,,
琴,,12,,,
瑠,,14,,,
璃,,15,,,
璧,,18,,,
環,,17,,,
璽,,19,,,
瓦,,5,,,
瓶,,11,,,
甘,,5,,,
甚,,9,,,
生,,5,,,
産,,11,,,
用,,5,,,
田,,5,,,
由,,5,,,
甲,,5,,,
申,,5,,,
男,,7,,,
町,,7,,,
画,,8,,,
界,,9,,,
畏,,9,,,
畑,,9,,,
畔,,10,,,
留,,10,,,
畜,,10,,,
畝,,10,,,
略,,11,,,
番,,12,,,
異,,11,,,
畳,,12,,,
畿,,15,,,
疎,,12,,,
疑,,14,,,
疫,,9,,,
疲,,10,,,
疾,,10,,,
病,,10,,,
症,,10,,,
痕,,11,,,
痘,,12,,,
痛,,12,,,
痢,,12,,,
痩,,12,,,
痴,,13,,,
瘍,,14,,,
療,,17,,,
癒,,18,,,
癖,,18,,,
発,,9,,,
登,,12,,,
白,,5,,,
百,,6,,,
的,,8,,,
皆,,9,,,
皇,,9,,,
皮,,5,,,
皿,,5,,,
盆,,9,,,
益,,10,,,
盗,,11,,,
盛,,11,,,
盟,,13,,,
監,,15,,,
盤,,15,,,
目,,5,,,
盲,,8,,,
直,,8,,,
相,,9,,,
盾,,9,,,
省,,9,,,
眉,,9,,,
看,,9,,,
県,,9,,,
真,,10,,,
眠,,10,,,
眺,,11,,,
眼,,11,,,
着,,12,,,
睡,,13,,,
督,,13,,,
睦,,13,,,
瞬,,18,,,
瞭,,17,,,
瞳,,17,,,
矛,,5,,,
矢,,5,,,
知,,8,,,
短,,12,,,
矯,,17,,,
石,,5,,,
砂,,9,,,
研,,9,,,
砕,,9,,,
砲,,10,,,
破,,10,,,
硝,,12,,,
硫,,12,,,
硬,,12,,,
碁,,13,,,
碑,,14,,,
確,,15,,,
磁,,14,,,
磨,,16,,,
礁,,17,,,
礎,,18,,,
示,,5,,,
礼,,5,,,
社,,7,,,
祈,,8,,,
祉,,8,,,
祖,,9,,,
祝,,9,,,
神,,9,,,
祥,,10,,,
票,,11,,,
祭,,11,,,
禁,,13,,,
禅,,13,,,
禍,,13,,,
福,,13,,,
秀,,7,,,
私,,7,,,
秋,,9,,,
科,,9,,,
秒,,9,,,
秘,,10,,,
租,,10,,,
秩,,10,,,
称,,10,,,
移,,11,,,
程,,12,,,
税,,12,,,
稚,,13,,,
種,,14,,,
稲,,14,,,
稼,,15,,,
稽,,15,,,
稿,,15,,,
穀,,14,,,
穂,,15,,,
積,,16,,,
穏,,16,,,
穫,,18,,,
穴,,5,,,
究,,7,,,
空,,8,,,
突,,8,,,
窃,,9,,,
窒,,11,,,
窓,,11,,,
窟,,13,,,
窮,,15,,,
窯,,15,,,
立,,5,,,
竜,,10,,,
章,,11,,,
童,,12,,,
端,,14,,,
競,,20,,,
竹,,6,,,
笑,,10,,,
笛,,11,,,
符,,11,,,
第,,11,,,
筆,,12,,,
等,,12,,,
筋,,12,,,
筒,,12,,,
答,,12,,,
策,,12,,,
箇,,14,,,
箋,,14,,,
算,,14,,,
管,,14,,,
箱,,15,,,
箸,,15,,,
節,,13,,,
範,,15,,,
築,,16,,,
篤,,16,,,
簡,,18,,,
簿,,19,,,
籍,,20,,,
籠,,22,,,
米,,6,,,
粉,,10,,,
粋,,10,,,
粒,,11,,,
粗,,11,,,
粘,,11,,,
粛,,11,,,
粧,,12,,,
精,,14,,,
糖,,16,,,
糧,,18,,,
糸,,6,,,
系,,7,,,
糾,,9,,,
紀,,9,,,
約,,9,,,
紅,,9,,,
紋,,10,,,
納,,10,,,
純,,10,,,
紙,,10,,,
級,,9,,,
紛,,10,,,
素,,10,,,
紡,,10,,,
索,,10,,,
紫,,12,,,
累,,11,,,
細,,11,,,
紳,,11,,,
紹,,11,,,
紺,,11,,,
終,,11,,,
組,,11,,,
経,,11,,,
結,,12,,,
絞,,12,,,
絡,,12,,,
給,,12,,,
統,,12,,,
絵,,12,,,
絶,,12,,,
絹,,13,,,
継,,13,,,
続,,13,,,
維,,14,,,
綱,,14,,,
網,,14,,,
綻,,14,,,
綿,,14,,,
緊,,15,,,
総,,14,,,
緑,,14,,,
緒,,14,,,
線,,15,,,
締,,15,,,
編,,15,,,
緩,,15,,,
緯,,16,,,
練,,14,,,
緻,,16,,,
縁,,15,,,
縄,,15,,,
縛,,16,,,
縦,,16,,,
縫,,16,,,
縮,,17,,,
績,,17,,,
繁,,16,,,
繊,,17,,,
織,,18,,,
繕,,18,,,
繭,,18,,,
繰,,19,,,
缶,,6,,,
罪,,13,,,
置,,13,,,
罰,,14,,,
署,,13,,,
罵,,15,,,
罷,,15,,,
羅,,19,,,
羊,,6,,,
美,,9,,,
羞,,11,,,
群,,13,,,
羨,,13,,,
義,,13,,,
羽,,6,,,
翁,,10,,,
翌,,11,,,
習,,11,,,
翻,,18,,,
翼,,17,,,
老,,6,,,
考,,6,,,
者,,8,,,
耐,,9,,,
耕,,10,,,
耗,,10,,,
耳,,6,,,
聖,,13,,,
聞,,14,,,
聴,,17,,,
職,,18,,,
肉,,6,,,
肌,,6,,,
肖,,7,,,
肘,,7,,,
肝,,7,,,
股,,8,,,
肢,,8,,,
肥,,8,,,
肩,,8,,,
肪,,8,,,
肯,,8,,,
育,,8,,,
肺,,9,,,
胃,,9,,,
胆,,9,,,
背,,9,,,
胎,,9,,,
胞,,9,,,
胴,,10,,,
胸,,10,,,
能,,10,,,
脂,,10,,,
脅,,10,,,
脇,,10,,,
脈,,10,,,
脊,,10,,,
脚,,11,,,
脱,,11,,,
脳,,11,,,
腎,,13,,,
腐,,14,,,
腕,,12,,,
腫,,13,,,
腰,,13,,,
腸,,13,,,
腹,,13,,,
腺,,13,,,
膚,,15,,,
膜,,14,,,
膝,,15,,,
膨,,16,,,
膳,,16,,,
臆,,17,,,
臓,,19,,,
臣,,7,,,
臨,,18,,,
自,,6,,,
臭,,9,,,
至,,6,,,
致,,10,,,
臼,,6,,,
興,,16,,,
舌,,6,,,
舎,,8,,,
舗,,15,,,
舞,,15,,,
舟,,6,,,
航,,10,,,
般,,10,,,
舶,,11,,,
舷,,11,,,
船,,11,,,
艇,,13,,,
艦,,21,,,
良,,7,,,
色,,6,,,
艶,,19,,,
芋,,6,,,
芝,,6,,,
芯,,7,,,
花,,7,,,
芳,,7,,,
芸,,7,,,
芽,,8,,,
苗,,8,,,
苛,,8,,,
若,,8,,,
苦,,8,,,
英,,8,,,
茂,,8,,,
茎,,8,,,
茨,,9,,,
茶,,9,,,
草,,9,,,
荒,,9,,,
荘,,9,,,
荷,,10,,,
菊,,11,,,
菌,,11,,,
菓,,11,,,
菜,,11,,,
華,,10,,,
萎,,11,,,
落,,12,,,
葉,,12,,,
著,,11,,,
葛,,11,,,
葬,,12,,,
蒸,,13,,,
蓄,,13,,,
蓋,,13,,,
蔑,,14,,,
蔵,,15,,,
蔽,,15,,,
薄,,16,,,
薦,,16,,,
薪,,16,,,
薫,,16,,,
薬,,16,,,
藍,,18,,,
藤,,18,,,
藩,,18,,,
藻,,19,,,
虎,,8,,,
虐,,9,,,
虚,,11,,,
虜,,13,,,
虞,,13,,,
虫,,6,,,
虹,,9,,,
蚊,,10,,,
蚕,,10,,,
蛇,,11,,,
蛍,,11,,,
蛮,,12,,,
蜂,,13,,,
蜜,,14,,,
融,,16,,,
血,,6,,,
衆,,12,,,
行,,6,,,
術,,11,,,
街,,12,,,
衛,,16,,,
衝,,15,,,
衡,,16,,,
衣,,6,,,
表,,8,,,
衰,,10,,,
衷,,9,,,
袋,,11,,,
袖,,10,,,
被,,10,,,
裁,,12,,,
裂,,12,,,
装,,12,,,
裏,,13,,,
裕,,12,,,
補,,12,,,
裸,,13,,,
製,,14,,,
裾,,13,,,
複,,14,,,
褐,,13,,,
褒,,15,,,
襟,,18,,,
襲,,22,,,
西,,6,,,
要,,9,,,
覆,,18,,,
覇,,19,,,
見,,7,,,
規,,11,,,
視,,11,,,
覚,,12,,,
覧,,17,,,
親,,16,,,
観,,18,,,
角,,7,,,
解,,13,,,
触,,13,,,
言,,7,,,
訂,,9,,,
訃,,9,,,
計,,9,,,
討,,10,,,
訓,,10,,,
託,,10,,,
記,,10,,,
訟,,11,,,
訪,,11,,,
設,,11,,,
許,,11,,,
訳,,11,,,
訴,,12,,,
診,,12,,,
証,,12,,,
詐,,12,,,
詔,,12,,,
評,,12,,,
詞,,12,,,
詠,,12,,,
詣,,13,,,
試,,13,,,
詩,,13,,,
詮,,13,,,
詰,,13,,,
話,,13,,,
該,,13,,,
詳,,13,,,
誇,,13,,,
誉,,13,,,
誌,,14,,,
認,,14,,,
誓,,14,,,
誕,,15,,,
誘,,14,,,
語,,14,,,
誠,,13,,,
誤,,14,,,
説,,14,,,
読,,14,,,
誰,,15,,,
課,,15,,,
調,,15,,,
談,,15,,,
請,,15,,,
論,,15,,,
諦,,16,,,
諧,,16,,,
諭,,16,,,
諮,,16,,,
諸,,15,,,
諾,,15,,,
謀,,16,,,
謁,,15,,,
謄,,17,,,
謎,,16,,,
謙,,17,,,
講,,17,,,
謝,,17,,,
謡,,16,,,
謹,,17,,,
識,,19,,,
譜,,19,,,
警,,19,,,
議,,20,,,
譲,,20,,,
護,,20,,,
谷,,7,,,
豆,,7,,,
豊,,13,,,
豚,,11,,,
象,,12,,,
豪,,14,,,
貌,,14,,,
貝,,7,,,
貞,,9,,,
負,,9,,,
財,,10,,,
貢,,10,,,
貧,,11,,,
貨,,11,,,
販,,11,,,
貪,,11,,,
貫,,11,,,
責,,11,,,
貯,,12,,,
貴,,12,,,
買,,12,,,
貸,,12,,,
費,,12,,,
貼,,12,,,
貿,,12,,,
賀,,12,,,
賂,,13,,,
賃,,13,,,
賄,,13,,,
資,,13,,,
賊,,13,,,
賓,,15,,,
賛,,15,,,
賜,,15,,,
賞,,15,,,
賠,,15,,,
賢,,16,,,
賦,,15,,,
質,,15,,,
賭,,15,,,
購,,17,,,
贈,,18,,,
赤,,7,,,
赦,,11,,,
走,,7,,,
赴,,9,,,
起,,10,,,
超,,12,,,
越,,12,,,
趣,,15,,,
足,,7,,,
距,,12,,,
跡,,13,,,
路,,13,,,
跳,,13,,,
践,,13,,,
踊,,14,,,
踏,,15,,,
踪,,15,,,
蹴,,19,,,
躍,,21,,,
身,,7,,,
車,,7,,,
軌,,9,,,
軍,,9,,,
軒,,10,,,
軟,,11,,,
転,,11,,,
軸,,12,,,
軽,,12,,,
較,,13,,,
載,,13,,,
輝,,15,,,
輩,,15,,,
輪,,15,,,
輸,,16,,,
轄,,17,,,
辛,,7,,,
辞,,13,,,
辣,,14,,,
辱,,10,,,
農,,13,,,
辺,,5,,,
込,,5,,,
迅,,6,,,
迎,,7,,,
近,,7,,,
返,,7,,,
迫,,8,,,
迭,,8,,,
述,,8,,,
迷,,9,,,
追,,9,,,
退,,9,,,
送,,9,,,
逃,,9,,,
逆,,9,,,
透,,10,,,
逐,,10,,,
逓,,10,,,
途,,10,,,
通,,10,,,
逝,,10,,,
速,,10,,,
造,,10,,,
連,,10,,,
逮,,11,,,
週,,11,,,
進,,11,,,
逸,,11,,,
遂,,12,,,
遅,,12,,,
遇,,12,,,
遊,,12,,,
運,,12,,,
遍,,12,,,
過,,12,,,
道,,12,,,
達,,12,,,
違,,13,,,
遜,,13,,,
遠,,13,,,
遡,,13,,,
遣,,13,,,
適,,14,,,
遭,,14,,,
遮,,14,,,
遵,,15,,,
遷,,15,,,
選,,15,,,
遺,,15,,,
避,,16,,,
還,,16,,,
那,,7,,,
邦,,7,,,
邪,,8,,,
邸,,8,,,
郊,,9,,,
郎,,9,,,
郡,,10,,,
部,,11,,,
郭,,11,,,
郵,,11,,,
郷,,11,,,
都,,11,,,
酌,,10,,,
配,,10,,,
酎,,10,,,
酒,,10,,,
酔,,11,,,
酢,,12,,,
酪,,13,,,
酬,,13,,,
酵,,14,,,
酷,,14,,,
酸,,14,,,
醒,,16,,,
醜,,17,,,
醸,,20,,,
采,,8,,,
釈,,11,,,
里,,7,,,
重,,9,,,
野,,11,,,
量,,12,,,
金,,8,,,
釜,,10,,,
針,,10,,,
釣,,11,,,
鈍,,12,,,
鈴,,13,,,
鉄,,13,,,
鉛,,13,,,
鉢,,13,,,
鉱,,13,,,
銀,,14,,,
銃,,14,,,
銅,,14,,,
銘,,14,,,
銭,,14,,,
鋭,,15,,,
鋳,,15,,,
鋼,,16,,,
錠,,16,,,
錦,,16,,,
錬,,16,,,
錮,,16,,,
錯,,16,,,
録,,16,,,
鍋,,17,,,
鍛,,17,,,
鍵,,17,,,
鎌,,18,,,
鎖,,18,,,
鎮,,18,,,
鏡,,19,,,
鐘,,20,,,
鑑,,23,,,
長,,8,,,
門,,8,,,
閉,,11,,,
開,,12,,,
閑,,12,,,
間,,12,,,
関,,14,,,
閣,,14,,,
閥,,14,,,
閲,,15,,,
闇,,17,,,
闘,,18,,,
阜,,8,,,
阪,,7,,,
防,,7,,,
阻,,8,,,
附,,8,,,
降,,10,,,
限,,9,,,
陛,,10,,,
院,,10,,,
陣,,10,,,
除,,10,,,
陥,,10,,,
陪,,11,,,
陰,,11,,,
陳,,11,,,
陵,,11,,,
陶,,11,,,
陸,,11,,,
険,,11,,,
陽,,12,,,
隅,,12,,,
隆,,11,,,
隊,,12,,,
階,,12,,,
随,,12,,,
隔,,13,,,
隙,,13,,,
際,,14,,,
障,,14,,,
隠,,14,,,
隣,,16,,,
隷,,16,,,
隻,,10,,,
雄,,12,,,
雅,,13,,,
集,,12,,,
雇,,12,,,
雌,,14,,,
雑,,14,,,
離,,19,,,
難,,18,,,
雨,,8,,,
雪,,11,,,
雰,,12,,,
雲,,12,,,
零,,13,,,
雷,,13,,,
電,,13,,,
需,,14,,,
震,,15,,,
霊,,15,,,
霜,,17,,,
霧,,19,,,
露,,21,,,
青,,8,,,
静,,14,,,
非,,8,,,
面,,9,,,
革,,9,,,
靴,,13,,,
韓,,18,,,
音,,9,,,
韻,,19,,,
響,,20,,,
頂,,11,,,
頃,,11,,,
項,,12,,,
順,,12,,,
須,,12,,,
預,,13,,,
頑,,13,,,
頒,,13,,,
頓,,13,,,
領,,14,,,
頬,,15,,,
頭,,16,,,
頰,,16,,,
頻,,17,,,
頼,,16,,,
題,,18,,,
額,,18,,,
顎,,18,,,
顔,,18,,,
顕,,18,,,
願,,19,,,
類,,18,,,
顧,,21,,,
風,,9,,,
飛,,9,,,
食,,9,,,
飢,,10,,,
飯,,12,,,
飲,,12,,,
飼,,13,,,
飽,,13,,,
飾,,13,,,
餅,,14,,,
養,,15,,,
餌,,14,,,
餓,,15,,,
館,,16,,,
首,,9,,,
香,,9,,,
馬,,10,,,
駄,,14,,,
駅,,14,,,
駆,,14,,,
駐,,15,,,
駒,,15,,,
騎,,18,,,
騒,,18,,,
験,,18,,,
騰,,20,,,
驚,,22,,,
骨,,10,,,
骸,,16,,,
髄,,19,,,
高,,10,,,
髪,,14,,,
鬱,,29,,,
鬼,,10,,,
魂,,14,,,
魅,,15,,,
魔,,21,,,
魚,,11,,,
鮮,,17,,,
鯨,,19,,,
鳥,,11,,,
鳴,,14,,,
鶏,,19,,,
鶴,,21,,,
鹿,,11,,,
麓,,19,,,
麗,,19,,,
麦,,7,,,
麺,,16,,,
麻,,11,,,
黄,,11,,,
黒,,11,,,
黙,,15,,,
鼓,,13,,,
鼻,,14,,,
齢,,17,,,
𠮟,,5,,,
